label,text
2,kp 怎 么 样 用
2,kp 怎 样 使 用
6,什 么 是 kp 的 kp
2,kp 的 正 确 用 法 是 什 么
9,kp 和 kp 有 哪 些 相 似 之 处
5,kp 学 习 的 基 础 是 什 么
8,kp 的 kp 包 含 了 哪 些 方 面 的 知 识
1,什 么 是 kp
8,kp 的 kp 包 括 什 么
2,kp 怎 么 用
4,学 习 了 kp 之 后 ， 应 该 朝 哪 个 方 向 发 展
9,kp 与 kp 的 关 系 是 什 么
9,kp 和 kp 有 哪 些 重 叠 之 处
8,kp 的 kp 的 知 识 体 系 包 括 什 么
9,kp 和 kp 有 什 么 关 联
1,kp 是 什 么 啊
2,怎 样 才 能 用 好 kp
6,kp 的 kp 指 的 是 什 么
3,kp 包 含 了 哪 些 方 面 的 知 识
7,kp kp 咋 用
9,kp 和 kp 有 着 怎 样 的 共 同 点
2,怎 么 用 kp
5,学 习 kp 需 要 具 备 哪 些 相 关 的 知 识 和 技 能
5,学 习 kp 前 需 要 具 备 哪 些 知 识
1,kp 代 表 着 什 么 概 念
5,kp 的 先 修 课 是 什 么
3,kp 的 知 识 点 有 哪 些
8,kp kp 包 含 了 哪 些 相 关 知 识 点
8,kp kp 包 括 啥
3,kp 有 啥
7,kp 的 kp 的 正 确 用 法 是 什 么
3,kp 包 括 那 些 知 识 点
1,kp 指 的 是 什 么
6,kp 的 kp 的 定 义 是 什 么
5,学 习 kp 的 前 提 是 什 么
7,kp kp 应 该 如 何 使 用
1,kp 的 定 义 是 什 么
9,kp 和 kp 有 何 异 同
3,kp 有 什 么
7,kp kp 怎 么 样 用
1,kp 的 含 义 是 什 么
9,kp 和 kp 有 什 么 关 系
2,kp 要 怎 样 使 用
6,kp 的 kp 是 什 么 意 思
7,怎 样 才 能 用 好 kp kp
8,kp 的 kp 有 哪 些 内 容
5,在 开 始 学 习 kp 之 前 ， 需 要 先 掌 握 哪 些 内 容
6,kp 的 kp 代 表 着 什 么 概 念
8,kp kp 有 什 么
5,kp 的 前 置 知 识 是 什 么
4,学 会 kp 后 ， 接 下 来 需 要 学 习 什 么 内 容
7,kp kp 正 确 用 法 是 什 么
8,kp 的 kp 有 啥
1,kp 具 有 什 么 含 义
5,学 kp 前 ， 要 学 什 么
8,kp 的 kp 包 括 那 些 知 识 点
1,kp 是
4,kp 学 完 后 ， 接 下 来 的 学 习 方 向 是 什 么
5,在 学 kp 之 前 需 要 学 哪 些 知 识
8,kp 的 kp 包 括 啥
1,kp 是 啥 啊
6,kp 的 kp 是 什 么
3,kp 包 括 啥
8,kp kp 有 啥
7,如 何 使 用 kp 的 kp
6,kp 的 kp 代 表 了 什 么
4,学 完 kp 后 ， 应 该 继 续 深 入 学 习 哪 些 相 关 的 课 程
2,如 何 使 用 kp
8,kp kp 包 括 那 些 知 识 点
7,kp kp 咋 地 用
7,kp 的 kp 咋 用
5,kp 学 习 需 要 哪 些 前 置 技 能
4,在 学 习 完 kp 之 后 ， 接 下 来 应 该 学 习 什 么
4,在 完 成 kp 学 习 之 后 ， 接 下 来 应 该 关 注 什 么 知 识 点
8,kp kp 知 识 点 有 哪 些
3,kp 包 含 了 哪 些 相 关 的 知 识 点
8,kp kp 有 哪 些 内 容
7,怎 样 才 能 用 好 kp 的 kp
1,kp 是 什 么
3,kp 包 括 什 么
3,在 kp 中 ， 包 含 了 哪 些 必 要 的 知 识 点
4,kp 学 习 完 成 后 ， 应 该 学 些 什 么
7,kp kp 怎 么 用
7,kp 的 kp 怎 样 使 用
2,kp 咋 地 用
8,kp kp 包 括 什 么
7,如 何 使 用 kp kp
2,kp 咋 用
6,kp 的 kp 是
9,kp 和 kp 的 联 系 是 什 么
4,kp 学 习 结 束 后 ， 接 下 来 需 要 学 习 哪 些 相 关 的 知 识
8,kp 的 kp 有 什 么
6,kp 的 kp 的 含 义 是 什 么
7,kp 的 kp 应 该 如 何 使 用
9,kp 和 kp 之 间 有 怎 样 的 关 系
9,kp 和 kp 有 何 联 系
7,kp kp 怎 样 使 用
7,kp 的 kp 怎 么 用
4,学 完 kp ， 应 该 学 什 么
1,kp 代 表 了 什 么
7,kp 的 kp 要 怎 样 使 用
3,kp 的 知 识 体 系 包 括 什 么
8,kp kp 知 识 体 系 包 括 什 么
8,kp 的 kp 的 知 识 点 有 哪 些
2,kp 应 该 如 何 使 用
7,kp kp 要 怎 样 使 用
1,kp 是 什 么 意 思
7,kp 的 kp 怎 么 样 用
7,kp 的 kp 咋 地 用
8,kp kp 包 含 了 哪 些 方 面 知 识
8,kp 的 kp 包 含 了 哪 些 相 关 的 知 识 点
4,kp 学 习 完 后 ， 下 一 步 应 该 学 习 什 么
